order_line_id,order_id,order_date,customer_id,product_id,location_id,payment_id,quantity,discount_amount
OL0001,O0001,2026-08-02,C041,P048,L008,PM004,4,750
OL0002,O0001,2026-08-26,C084,P010,L008,PM001,2,500
OL0003,O0002,2026-08-31,C076,P022,L002,PM004,1,500
OL0004,O0002,2026-08-30,C059,P001,L003,PM004,2,0
OL0005,O0003,2026-08-16,C034,P022,L007,PM001,3,1000
OL0006,O0003,2026-08-22,C069,P025,L006,PM004,5,0
OL0007,O0004,2026-08-20,C009,P016,L005,PM002,1,250
OL0008,O0004,2026-08-04,C098,P041,L002,PM004,2,750
OL0009,O0005,2026-08-10,C004,P003,L006,PM001,3,0
OL0010,O0005,2026-08-12,C056,P010,L004,PM005,4,500
OL0011,O0006,2026-08-22,C024,P011,L003,PM001,5,1000
OL0012,O0006,2026-08-13,C080,P044,L004,PM004,5,0
OL0013,O0007,2026-08-08,C060,P041,L005,PM004,3,750
OL0014,O0007,2026-08-01,C060,P019,L003,PM001,4,0
OL0015,O0008,2026-08-19,C039,P041,L007,PM003,4,1000
OL0016,O0008,2026-08-10,C026,P025,L008,PM001,2,250
OL0017,O0009,2026-08-19,C046,P037,L005,PM003,1,1000
OL0018,O0009,2026-08-22,C051,P018,L001,PM005,1,500
OL0019,O0010,2026-08-24,C064,P019,L004,PM005,3,0
OL0020,O0010,2026-08-21,C025,P040,L005,PM002,1,750
OL0021,O0011,2026-08-21,C006,P020,L008,PM001,5,0
OL0022,O0011,2026-08-24,C017,P006,L005,PM003,4,0
OL0023,O0012,2026-08-07,C017,P035,L006,PM005,5,0
OL0024,O0012,2026-08-27,C022,P017,L008,PM003,3,1000
OL0025,O0013,2026-08-04,C060,P005,L003,PM002,4,1000
OL0026,O0013,2026-08-26,C072,P024,L002,PM004,1,0
OL0027,O0014,2026-08-18,C016,P030,L006,PM003,5,250
OL0028,O0014,2026-08-27,C082,P024,L002,PM002,4,0
OL0029,O0015,2026-08-20,C072,P021,L004,PM001,4,750
OL0030,O0015,2026-08-10,C084,P027,L002,PM002,1,0
OL0031,O0016,2026-08-10,C064,P008,L002,PM002,5,0
OL0032,O0016,2026-08-13,C059,P024,L007,PM005,2,250
OL0033,O0017,2026-08-21,C013,P032,L007,PM003,1,750
OL0034,O0017,2026-08-12,C028,P029,L008,PM002,3,0
OL0035,O0018,2026-08-22,C048,P035,L006,PM001,4,0
OL0036,O0018,2026-08-07,C016,P030,L002,PM002,5,0
OL0037,O0019,2026-08-02,C043,P016,L003,PM005,2,0
OL0038,O0019,2026-08-27,C098,P036,L004,PM005,2,1000
OL0039,O0020,2026-08-28,C030,P022,L003,PM005,1,0
OL0040,O0020,2026-08-28,C019,P009,L005,PM002,1,750
OL0041,O0021,2026-08-28,C004,P009,L001,PM003,2,500
OL0042,O0021,2026-08-11,C003,P012,L005,PM001,2,750
OL0043,O0022,2026-08-14,C068,P008,L002,PM004,4,1000
OL0044,O0022,2026-08-12,C066,P038,L002,PM004,5,0
OL0045,O0023,2026-08-31,C079,P003,L005,PM004,1,0
OL0046,O0023,2026-08-16,C052,P028,L002,PM004,4,0
OL0047,O0024,2026-08-29,C011,P021,L003,PM001,2,0
OL0048,O0024,2026-08-20,C082,P038,L006,PM004,5,500
OL0049,O0025,2026-08-10,C059,P033,L007,PM001,1,1000
OL0050,O0025,2026-08-21,C084,P036,L004,PM004,4,0
OL0051,O0026,2026-08-14,C044,P030,L007,PM004,1,0
OL0052,O0026,2026-08-14,C041,P043,L005,PM003,2,750
OL0053,O0027,2026-08-30,C061,P005,L002,PM001,1,250
OL0054,O0027,2026-08-04,C096,P048,L006,PM002,5,0
OL0055,O0028,2026-08-19,C072,P036,L006,PM001,4,0
OL0056,O0028,2026-08-28,C086,P028,L001,PM003,5,0
OL0057,O0029,2026-08-12,C014,P037,L004,PM002,4,0
OL0058,O0029,2026-08-28,C014,P023,L006,PM001,3,500
OL0059,O0030,2026-08-08,C055,P036,L001,PM005,3,0
OL0060,O0030,2026-08-06,C035,P045,L005,PM003,3,0
OL0061,O0031,2026-08-06,C019,P037,L007,PM001,2,750
OL0062,O0031,2026-08-21,C004,P006,L004,PM004,4,250
OL0063,O0032,2026-08-11,C021,P024,L005,PM003,5,500
OL0064,O0032,2026-08-03,C007,P010,L003,PM005,1,750
OL0065,O0033,2026-08-03,C035,P029,L007,PM004,5,250
OL0066,O0033,2026-08-14,C035,P014,L002,PM003,4,0
OL0067,O0034,2026-08-10,C087,P044,L008,PM005,3,0
OL0068,O0034,2026-08-08,C051,P039,L001,PM001,2,0
OL0069,O0035,2026-08-31,C028,P009,L005,PM003,3,0
OL0070,O0035,2026-08-01,C064,P048,L007,PM002,2,250
OL0071,O0036,2026-08-18,C091,P015,L006,PM001,4,1000
OL0072,O0036,2026-08-24,C006,P028,L001,PM004,1,1000
OL0073,O0037,2026-08-11,C074,P028,L007,PM004,3,0
OL0074,O0037,2026-08-13,C003,P021,L003,PM005,4,1000
OL0075,O0038,2026-08-23,C047,P006,L007,PM001,2,250
OL0076,O0038,2026-08-19,C052,P034,L002,PM004,3,750
OL0077,O0039,2026-08-11,C029,P022,L003,PM001,5,750
OL0078,O0039,2026-08-04,C068,P033,L004,PM003,3,750
OL0079,O0040,2026-08-31,C083,P010,L004,PM001,2,0
OL0080,O0040,2026-08-07,C023,P039,L003,PM001,2,1000
OL0081,O0041,2026-08-21,C064,P030,L008,PM005,5,0
OL0082,O0041,2026-08-28,C081,P021,L003,PM004,1,250
OL0083,O0042,2026-08-15,C081,P020,L005,PM005,1,0
OL0084,O0042,2026-08-17,C010,P020,L008,PM004,1,0
OL0085,O0043,2026-08-12,C037,P005,L002,PM005,5,500
OL0086,O0043,2026-08-13,C060,P038,L001,PM004,5,750
OL0087,O0044,2026-08-07,C042,P039,L008,PM005,2,0
OL0088,O0044,2026-08-15,C014,P022,L002,PM005,2,0
OL0089,O0045,2026-08-08,C091,P029,L008,PM005,5,500
OL0090,O0045,2026-08-06,C047,P024,L005,PM004,4,1000
OL0091,O0046,2026-08-11,C087,P039,L001,PM003,1,0
OL0092,O0046,2026-08-04,C072,P044,L007,PM003,3,750
OL0093,O0047,2026-08-28,C085,P039,L003,PM003,1,500
OL0094,O0047,2026-08-22,C019,P023,L005,PM004,2,500
OL0095,O0048,2026-08-23,C011,P020,L007,PM003,2,750
OL0096,O0048,2026-08-23,C095,P044,L002,PM004,5,0
OL0097,O0049,2026-08-01,C047,P020,L003,PM002,3,1000
OL0098,O0049,2026-08-16,C025,P015,L003,PM002,1,0
OL0099,O0050,2026-08-28,C013,P033,L001,PM003,5,0
OL0100,O0050,2026-08-20,C049,P010,L003,PM002,5,1000
OL0101,O0051,2026-08-29,C022,P047,L008,PM001,4,0
OL0102,O0051,2026-08-22,C093,P016,L008,PM005,3,1000
OL0103,O0052,2026-08-24,C058,P015,L004,PM003,4,1000
OL0104,O0052,2026-08-07,C048,P044,L008,PM004,3,1000
OL0105,O0053,2026-08-13,C065,P034,L007,PM002,2,1000
OL0106,O0053,2026-08-20,C018,P017,L001,PM004,3,500
OL0107,O0054,2026-08-30,C014,P046,L002,PM003,1,1000
OL0108,O0054,2026-08-06,C035,P029,L003,PM004,1,0
OL0109,O0055,2026-08-27,C058,P023,L001,PM004,1,250
OL0110,O0055,2026-08-17,C048,P016,L007,PM001,3,0
OL0111,O0056,2026-08-01,C041,P007,L006,PM002,2,0
OL0112,O0056,2026-08-10,C061,P045,L003,PM004,4,500
OL0113,O0057,2026-08-01,C011,P002,L005,PM002,2,500
OL0114,O0057,2026-08-31,C094,P039,L007,PM001,3,0
OL0115,O0058,2026-08-10,C016,P004,L004,PM004,5,250
OL0116,O0058,2026-08-03,C015,P032,L001,PM005,5,0
OL0117,O0059,2026-08-23,C019,P019,L007,PM001,5,0
OL0118,O0059,2026-08-08,C074,P027,L003,PM001,5,0
OL0119,O0060,2026-08-03,C068,P035,L001,PM004,4,0
OL0120,O0060,2026-08-21,C050,P024,L005,PM001,3,1000
OL0121,O0061,2026-08-03,C045,P016,L002,PM005,3,0
OL0122,O0061,2026-08-02,C046,P035,L006,PM002,4,750
OL0123,O0062,2026-08-16,C081,P012,L003,PM001,4,0
OL0124,O0062,2026-08-10,C026,P003,L004,PM001,3,0
OL0125,O0063,2026-08-17,C051,P035,L008,PM003,1,1000
OL0126,O0063,2026-08-21,C025,P019,L006,PM001,3,0
OL0127,O0064,2026-08-04,C048,P028,L007,PM004,4,0
OL0128,O0064,2026-08-06,C064,P045,L008,PM003,5,0
OL0129,O0065,2026-08-26,C011,P047,L007,PM001,4,500
OL0130,O0065,2026-08-27,C024,P035,L005,PM003,1,0
OL0131,O0066,2026-08-11,C085,P019,L005,PM004,5,750
OL0132,O0066,2026-08-14,C022,P045,L008,PM003,4,0
OL0133,O0067,2026-08-24,C046,P040,L007,PM003,1,0
OL0134,O0067,2026-08-22,C082,P026,L006,PM005,2,0
OL0135,O0068,2026-08-05,C078,P044,L008,PM001,2,0
OL0136,O0068,2026-08-08,C100,P042,L006,PM003,4,500
OL0137,O0069,2026-08-02,C078,P010,L008,PM003,3,250
OL0138,O0069,2026-08-25,C010,P037,L003,PM005,3,250
OL0139,O0070,2026-08-11,C084,P018,L004,PM001,1,750
OL0140,O0070,2026-08-06,C064,P034,L007,PM005,1,0
OL0141,O0071,2026-08-25,C034,P046,L008,PM002,5,0
OL0142,O0071,2026-08-23,C063,P013,L002,PM002,1,250
OL0143,O0072,2026-08-06,C092,P029,L002,PM003,3,750
OL0144,O0072,2026-08-03,C071,P035,L005,PM003,2,750
OL0145,O0073,2026-08-23,C090,P041,L003,PM003,5,0
OL0146,O0073,2026-08-04,C026,P009,L004,PM004,1,0
OL0147,O0074,2026-08-18,C074,P024,L008,PM005,2,500
OL0148,O0074,2026-08-29,C012,P005,L005,PM004,4,500
OL0149,O0075,2026-08-14,C099,P027,L002,PM002,3,750
OL0150,O0075,2026-08-03,C058,P030,L006,PM002,5,750
OL0151,O0076,2026-08-19,C024,P009,L007,PM005,1,1000
OL0152,O0076,2026-08-04,C067,P010,L005,PM002,2,0
OL0153,O0077,2026-08-30,C091,P015,L006,PM005,3,1000
OL0154,O0077,2026-08-03,C033,P013,L005,PM002,3,500
OL0155,O0078,2026-08-18,C012,P033,L003,PM005,5,0
OL0156,O0078,2026-08-06,C085,P040,L006,PM005,1,1000
OL0157,O0079,2026-08-28,C004,P006,L001,PM005,3,750
OL0158,O0079,2026-08-07,C099,P037,L007,PM005,1,250
OL0159,O0080,2026-08-29,C081,P035,L005,PM003,4,0
OL0160,O0080,2026-08-26,C088,P026,L005,PM004,1,750
OL0161,O0081,2026-08-02,C021,P029,L007,PM004,4,0
OL0162,O0081,2026-08-11,C078,P010,L006,PM003,3,250
OL0163,O0082,2026-08-05,C098,P024,L002,PM003,2,250
OL0164,O0082,2026-08-04,C035,P029,L004,PM002,1,0
OL0165,O0083,2026-08-10,C050,P040,L007,PM002,2,1000
OL0166,O0083,2026-08-11,C074,P047,L006,PM002,2,250
OL0167,O0084,2026-08-17,C060,P032,L005,PM004,1,0
OL0168,O0084,2026-08-31,C051,P033,L008,PM002,2,500
OL0169,O0085,2026-08-12,C007,P004,L005,PM004,5,1000
OL0170,O0085,2026-08-21,C087,P031,L005,PM005,1,1000
OL0171,O0086,2026-08-04,C056,P009,L005,PM003,4,0
OL0172,O0086,2026-08-02,C052,P004,L004,PM003,5,0
OL0173,O0087,2026-08-03,C050,P033,L008,PM005,3,1000
OL0174,O0087,2026-08-20,C088,P040,L002,PM002,1,250
OL0175,O0088,2026-08-12,C044,P036,L006,PM002,2,500
OL0176,O0088,2026-08-17,C052,P033,L001,PM001,1,0
OL0177,O0089,2026-08-23,C043,P031,L008,PM002,5,500
OL0178,O0089,2026-08-05,C042,P040,L006,PM002,4,500
OL0179,O0090,2026-08-24,C039,P038,L006,PM005,5,500
OL0180,O0090,2026-08-16,C091,P037,L005,PM004,1,0
OL0181,O0091,2026-08-11,C087,P008,L007,PM005,3,1000
OL0182,O0091,2026-08-29,C093,P045,L001,PM005,4,0
OL0183,O0092,2026-08-31,C084,P038,L004,PM001,5,250
OL0184,O0092,2026-08-06,C068,P041,L007,PM002,2,0
OL0185,O0093,2026-08-19,C090,P008,L004,PM001,4,0
OL0186,O0093,2026-08-14,C020,P027,L004,PM004,5,1000
OL0187,O0094,2026-08-20,C061,P048,L001,PM002,5,0
OL0188,O0094,2026-08-18,C042,P043,L008,PM005,4,0
OL0189,O0095,2026-08-31,C023,P030,L006,PM005,3,750
OL0190,O0095,2026-08-25,C093,P044,L005,PM005,4,0
OL0191,O0096,2026-08-31,C032,P018,L005,PM002,3,1000
OL0192,O0096,2026-08-10,C091,P014,L008,PM003,4,0
OL0193,O0097,2026-08-18,C093,P018,L005,PM001,5,750
OL0194,O0097,2026-08-18,C049,P026,L006,PM002,3,0
OL0195,O0098,2026-08-10,C092,P006,L006,PM004,3,750
OL0196,O0098,2026-08-16,C028,P013,L005,PM005,3,0
OL0197,O0099,2026-08-04,C079,P048,L004,PM002,1,750
OL0198,O0099,2026-08-29,C068,P015,L004,PM001,1,250
OL0199,O0100,2026-08-11,C092,P031,L002,PM002,1,500
OL0200,O0100,2026-08-30,C021,P027,L008,PM004,2,1000
OL0201,O0101,2026-08-31,C037,P021,L005,PM001,1,750
OL0202,O0101,2026-08-19,C030,P035,L001,PM002,4,1000
OL0203,O0102,2026-08-06,C005,P026,L008,PM002,3,0
OL0204,O0102,2026-08-01,C039,P037,L002,PM003,3,250
OL0205,O0103,2026-08-21,C070,P034,L008,PM002,5,250
OL0206,O0103,2026-08-09,C025,P008,L006,PM002,4,750
OL0207,O0104,2026-08-09,C092,P012,L001,PM003,3,500
OL0208,O0104,2026-08-22,C097,P013,L003,PM005,4,1000
OL0209,O0105,2026-08-14,C066,P021,L002,PM004,1,0
OL0210,O0105,2026-08-05,C062,P021,L004,PM001,3,250
OL0211,O0106,2026-08-08,C058,P018,L006,PM003,5,750
OL0212,O0106,2026-08-19,C002,P017,L006,PM002,1,750
OL0213,O0107,2026-08-04,C060,P020,L003,PM004,5,750
OL0214,O0107,2026-08-25,C040,P045,L002,PM003,3,500
OL0215,O0108,2026-08-08,C029,P009,L008,PM002,4,750
OL0216,O0108,2026-08-20,C048,P027,L008,PM005,2,1000
OL0217,O0109,2026-08-08,C088,P039,L002,PM005,4,500
OL0218,O0109,2026-08-23,C047,P005,L002,PM001,5,500
OL0219,O0110,2026-08-07,C074,P035,L003,PM002,3,1000
OL0220,O0110,2026-08-17,C057,P008,L004,PM005,4,0
OL0221,O0111,2026-08-29,C066,P029,L001,PM004,2,500
OL0222,O0111,2026-08-14,C059,P037,L001,PM005,4,750
OL0223,O0112,2026-08-26,C040,P047,L001,PM004,3,1000
OL0224,O0112,2026-08-01,C096,P014,L002,PM001,4,0
OL0225,O0113,2026-08-23,C009,P035,L001,PM001,4,0
OL0226,O0113,2026-08-10,C053,P012,L003,PM004,3,250
OL0227,O0114,2026-08-15,C049,P025,L002,PM005,2,750
OL0228,O0114,2026-08-28,C045,P008,L003,PM005,4,500
OL0229,O0115,2026-08-05,C094,P015,L001,PM001,3,250
OL0230,O0115,2026-08-22,C093,P035,L007,PM005,4,1000
OL0231,O0116,2026-08-08,C032,P030,L006,PM002,3,0
OL0232,O0116,2026-08-30,C093,P008,L001,PM004,5,1000
OL0233,O0117,2026-08-30,C003,P016,L004,PM001,1,500
OL0234,O0117,2026-08-02,C058,P039,L001,PM002,1,250
OL0235,O0118,2026-08-15,C030,P035,L004,PM001,2,500
OL0236,O0118,2026-08-10,C030,P047,L006,PM005,5,1000
OL0237,O0119,2026-08-22,C042,P016,L005,PM002,5,0
OL0238,O0119,2026-08-14,C039,P018,L001,PM005,5,750
OL0239,O0120,2026-08-30,C023,P041,L007,PM005,4,0
OL0240,O0120,2026-08-12,C083,P043,L007,PM005,3,750
OL0241,O0121,2026-08-14,C053,P010,L005,PM004,2,1000
OL0242,O0121,2026-08-18,C061,P016,L004,PM003,2,1000
OL0243,O0122,2026-08-15,C008,P036,L007,PM004,5,500
OL0244,O0122,2026-08-05,C050,P016,L005,PM002,3,750
OL0245,O0123,2026-08-03,C058,P024,L002,PM005,2,0
OL0246,O0123,2026-08-09,C049,P044,L001,PM001,2,1000
OL0247,O0124,2026-08-25,C076,P047,L004,PM004,2,1000
OL0248,O0124,2026-08-30,C043,P020,L001,PM002,2,750
OL0249,O0125,2026-08-04,C096,P031,L004,PM005,2,250
OL0250,O0125,2026-08-30,C031,P036,L006,PM003,4,250
OL0251,O0126,2026-08-18,C084,P023,L005,PM003,3,500
OL0252,O0126,2026-08-29,C064,P030,L002,PM004,3,0
OL0253,O0127,2026-08-12,C041,P027,L001,PM005,2,750
OL0254,O0127,2026-08-05,C003,P017,L007,PM003,2,0
OL0255,O0128,2026-08-11,C030,P025,L004,PM004,5,750
OL0256,O0128,2026-08-31,C088,P022,L005,PM004,4,250
OL0257,O0129,2026-08-06,C094,P023,L003,PM002,5,250
OL0258,O0129,2026-08-06,C070,P042,L001,PM005,1,1000
OL0259,O0130,2026-08-28,C010,P043,L001,PM001,4,0
OL0260,O0130,2026-08-27,C081,P015,L002,PM002,1,0
OL0261,O0131,2026-08-17,C059,P024,L001,PM005,5,250
OL0262,O0131,2026-08-22,C063,P002,L001,PM005,5,250
OL0263,O0132,2026-08-01,C003,P034,L005,PM005,3,0
OL0264,O0132,2026-08-17,C090,P044,L007,PM002,1,0
OL0265,O0133,2026-08-17,C020,P016,L004,PM005,5,0
OL0266,O0133,2026-08-27,C046,P018,L007,PM001,3,250
OL0267,O0134,2026-08-15,C073,P016,L004,PM003,1,750
OL0268,O0134,2026-08-28,C084,P003,L002,PM004,4,250
OL0269,O0135,2026-08-18,C061,P004,L001,PM002,1,250
OL0270,O0135,2026-08-28,C056,P042,L006,PM005,1,500
OL0271,O0136,2026-08-30,C006,P015,L004,PM005,4,0
OL0272,O0136,2026-08-02,C010,P044,L005,PM005,5,750
OL0273,O0137,2026-08-02,C023,P021,L001,PM002,5,0
OL0274,O0137,2026-08-25,C092,P026,L002,PM003,2,500
OL0275,O0138,2026-08-08,C073,P025,L006,PM004,2,1000
OL0276,O0138,2026-08-23,C093,P006,L006,PM001,1,250
OL0277,O0139,2026-08-08,C010,P022,L007,PM003,1,750
OL0278,O0139,2026-08-09,C058,P032,L004,PM003,5,250
OL0279,O0140,2026-08-14,C024,P044,L007,PM001,5,0
OL0280,O0140,2026-08-26,C032,P046,L002,PM001,3,0
OL0281,O0141,2026-08-13,C092,P041,L003,PM004,3,0
OL0282,O0141,2026-08-04,C012,P001,L005,PM004,3,1000
OL0283,O0142,2026-08-09,C014,P009,L002,PM002,4,250
OL0284,O0142,2026-08-18,C072,P033,L007,PM001,1,0
OL0285,O0143,2026-08-12,C071,P006,L006,PM004,1,0
OL0286,O0143,2026-08-14,C050,P006,L004,PM005,5,0
OL0287,O0144,2026-08-22,C049,P011,L003,PM003,3,0
OL0288,O0144,2026-08-16,C019,P005,L003,PM004,3,250
OL0289,O0145,2026-08-10,C062,P005,L006,PM003,2,750
OL0290,O0145,2026-08-21,C064,P039,L004,PM004,1,0
OL0291,O0146,2026-08-10,C001,P026,L006,PM005,4,1000
OL0292,O0146,2026-08-28,C043,P029,L006,PM004,5,0
OL0293,O0147,2026-08-10,C042,P039,L004,PM004,3,0
OL0294,O0147,2026-08-31,C051,P021,L005,PM004,5,1000
OL0295,O0148,2026-08-08,C042,P025,L005,PM004,3,0
OL0296,O0148,2026-08-30,C073,P013,L003,PM005,1,750
OL0297,O0149,2026-08-15,C091,P014,L008,PM003,1,1000
OL0298,O0149,2026-08-28,C053,P044,L008,PM002,3,0
OL0299,O0150,2026-08-09,C085,P010,L007,PM004,1,250
OL0300,O0150,2026-08-20,C062,P038,L007,PM005,5,1000
OL0301,O0151,2026-08-23,C054,P035,L001,PM003,5,500
OL0302,O0151,2026-08-21,C011,P007,L004,PM003,2,750
OL0303,O0152,2026-08-20,C006,P037,L007,PM003,4,0
OL0304,O0152,2026-08-01,C013,P017,L004,PM005,5,500
OL0305,O0153,2026-08-19,C089,P037,L004,PM004,3,250
OL0306,O0153,2026-08-15,C099,P044,L003,PM003,1,250
OL0307,O0154,2026-08-04,C038,P027,L002,PM001,2,0
OL0308,O0154,2026-08-10,C044,P030,L004,PM005,4,0
OL0309,O0155,2026-08-16,C013,P029,L008,PM003,1,0
OL0310,O0155,2026-08-02,C091,P008,L001,PM003,1,750
OL0311,O0156,2026-08-26,C022,P048,L004,PM005,2,500
OL0312,O0156,2026-08-06,C043,P036,L007,PM004,2,1000
OL0313,O0157,2026-08-13,C081,P012,L003,PM004,4,0
OL0314,O0157,2026-08-24,C079,P013,L008,PM005,4,250
OL0315,O0158,2026-08-01,C091,P014,L004,PM003,1,500
OL0316,O0158,2026-08-04,C069,P012,L006,PM003,2,250
OL0317,O0159,2026-08-04,C034,P043,L008,PM005,3,500
OL0318,O0159,2026-08-13,C079,P026,L002,PM003,3,1000
OL0319,O0160,2026-08-15,C080,P012,L005,PM005,5,0
OL0320,O0160,2026-08-22,C018,P021,L002,PM002,3,0
OL0321,O0161,2026-08-06,C048,P045,L003,PM005,4,250
OL0322,O0161,2026-08-20,C018,P037,L007,PM004,2,250
OL0323,O0162,2026-08-21,C069,P045,L003,PM005,2,250
OL0324,O0162,2026-08-10,C018,P012,L006,PM004,5,0
OL0325,O0163,2026-08-28,C046,P001,L008,PM002,2,1000
OL0326,O0163,2026-08-13,C072,P033,L008,PM004,4,250
OL0327,O0164,2026-08-23,C057,P032,L003,PM001,5,0
OL0328,O0164,2026-08-26,C098,P015,L005,PM001,3,0
OL0329,O0165,2026-08-18,C037,P011,L008,PM005,4,500
OL0330,O0165,2026-08-17,C015,P037,L002,PM003,5,1000
OL0331,O0166,2026-08-12,C070,P003,L008,PM005,2,250
OL0332,O0166,2026-08-04,C095,P042,L004,PM003,1,250
OL0333,O0167,2026-08-09,C045,P006,L008,PM001,2,0
OL0334,O0167,2026-08-26,C095,P038,L006,PM005,4,0
OL0335,O0168,2026-08-20,C018,P014,L004,PM001,5,0
OL0336,O0168,2026-08-18,C036,P039,L003,PM003,3,0
OL0337,O0169,2026-08-19,C035,P033,L002,PM002,4,0
OL0338,O0169,2026-08-09,C084,P009,L003,PM002,2,750
OL0339,O0170,2026-08-11,C032,P044,L007,PM004,2,500
OL0340,O0170,2026-08-21,C035,P041,L007,PM004,4,0
OL0341,O0171,2026-08-21,C099,P006,L007,PM005,3,750
OL0342,O0171,2026-08-30,C048,P030,L008,PM003,5,0
OL0343,O0172,2026-08-28,C100,P047,L002,PM004,3,1000
OL0344,O0172,2026-08-03,C069,P026,L004,PM004,2,250
OL0345,O0173,2026-08-09,C042,P019,L006,PM005,5,0
OL0346,O0173,2026-08-19,C063,P022,L001,PM001,1,750
OL0347,O0174,2026-08-26,C059,P002,L002,PM002,4,250
OL0348,O0174,2026-08-01,C055,P013,L003,PM003,2,1000
OL0349,O0175,2026-08-30,C036,P006,L006,PM003,1,0
OL0350,O0175,2026-08-22,C084,P011,L001,PM004,3,750
OL0351,O0176,2026-08-23,C097,P015,L007,PM001,1,0
OL0352,O0176,2026-08-07,C062,P005,L003,PM005,2,500
OL0353,O0177,2026-08-22,C057,P001,L001,PM003,1,1000
OL0354,O0177,2026-08-14,C089,P009,L008,PM001,2,250
OL0355,O0178,2026-08-03,C094,P007,L002,PM003,3,0
OL0356,O0178,2026-08-05,C049,P009,L003,PM001,5,500
OL0357,O0179,2026-08-01,C079,P042,L003,PM004,3,750
OL0358,O0179,2026-08-07,C081,P048,L003,PM004,5,750
OL0359,O0180,2026-08-15,C028,P006,L002,PM002,1,500
OL0360,O0180,2026-08-24,C050,P023,L007,PM003,2,0
OL0361,O0181,2026-08-09,C083,P006,L004,PM005,5,500
OL0362,O0181,2026-08-24,C078,P019,L001,PM003,2,500
OL0363,O0182,2026-08-20,C066,P013,L007,PM003,1,1000
OL0364,O0182,2026-08-29,C031,P032,L007,PM001,2,250
OL0365,O0183,2026-08-21,C077,P005,L001,PM003,3,0
OL0366,O0183,2026-08-13,C073,P027,L006,PM005,2,1000
OL0367,O0184,2026-08-16,C099,P005,L001,PM005,1,0
OL0368,O0184,2026-08-09,C028,P003,L001,PM004,5,0
OL0369,O0185,2026-08-21,C092,P033,L007,PM004,4,0
OL0370,O0185,2026-08-21,C069,P035,L003,PM003,1,0
OL0371,O0186,2026-08-03,C066,P014,L003,PM005,3,250
OL0372,O0186,2026-08-19,C082,P042,L002,PM003,4,750
OL0373,O0187,2026-08-31,C031,P004,L004,PM001,4,0
OL0374,O0187,2026-08-15,C079,P039,L001,PM003,2,0
OL0375,O0188,2026-08-01,C091,P009,L001,PM002,4,0
OL0376,O0188,2026-08-17,C067,P047,L005,PM002,3,0
OL0377,O0189,2026-08-24,C100,P018,L002,PM001,3,1000
OL0378,O0189,2026-08-14,C035,P034,L002,PM003,5,750
OL0379,O0190,2026-08-03,C064,P030,L006,PM001,4,1000
OL0380,O0190,2026-08-19,C022,P024,L003,PM003,1,500
OL0381,O0191,2026-08-22,C093,P008,L004,PM005,1,0
OL0382,O0191,2026-08-28,C002,P016,L001,PM004,3,250
OL0383,O0192,2026-08-30,C020,P012,L001,PM005,4,0
OL0384,O0192,2026-08-11,C032,P027,L006,PM003,1,500
OL0385,O0193,2026-08-12,C016,P033,L001,PM002,2,1000
OL0386,O0193,2026-08-17,C006,P026,L002,PM004,3,1000
OL0387,O0194,2026-08-28,C040,P021,L002,PM005,4,0
OL0388,O0194,2026-08-12,C026,P019,L005,PM005,2,250
OL0389,O0195,2026-08-12,C076,P032,L004,PM005,2,0
OL0390,O0195,2026-08-01,C053,P002,L004,PM005,3,750
OL0391,O0196,2026-08-27,C089,P001,L006,PM001,4,1000
OL0392,O0196,2026-08-24,C094,P020,L002,PM002,5,0
OL0393,O0197,2026-08-14,C063,P004,L003,PM003,1,0
OL0394,O0197,2026-08-30,C030,P034,L007,PM003,4,750
OL0395,O0198,2026-08-03,C075,P007,L003,PM004,1,500
OL0396,O0198,2026-08-19,C008,P028,L003,PM002,3,0
OL0397,O0199,2026-08-28,C041,P026,L006,PM003,4,0
OL0398,O0199,2026-08-08,C010,P013,L003,PM005,1,0
OL0399,O0200,2026-08-04,C022,P029,L008,PM003,4,0
OL0400,O0200,2026-08-18,C046,P014,L008,PM003,4,0
OL0401,O0201,2026-08-28,C016,P006,L003,PM003,5,0
OL0402,O0201,2026-08-07,C042,P010,L002,PM002,3,250
OL0403,O0202,2026-08-17,C007,P044,L005,PM003,2,0
OL0404,O0202,2026-08-31,C052,P029,L004,PM001,4,0
OL0405,O0203,2026-08-26,C018,P008,L001,PM001,2,0
OL0406,O0203,2026-08-07,C052,P024,L002,PM005,5,0
OL0407,O0204,2026-08-30,C010,P002,L002,PM002,4,1000
OL0408,O0204,2026-08-05,C012,P022,L002,PM001,4,0
OL0409,O0205,2026-08-06,C074,P028,L007,PM004,1,250
OL0410,O0205,2026-08-22,C055,P012,L006,PM002,2,0
OL0411,O0206,2026-08-09,C058,P010,L001,PM005,5,500
OL0412,O0206,2026-08-08,C083,P019,L008,PM004,5,250
OL0413,O0207,2026-08-02,C012,P018,L007,PM002,4,0
OL0414,O0207,2026-08-21,C068,P016,L001,PM004,3,250
OL0415,O0208,2026-08-18,C063,P023,L006,PM004,3,0
OL0416,O0208,2026-08-01,C041,P039,L004,PM001,3,0
OL0417,O0209,2026-08-26,C061,P034,L006,PM005,2,0
OL0418,O0209,2026-08-04,C032,P043,L004,PM003,5,1000
OL0419,O0210,2026-08-26,C095,P004,L004,PM005,4,0
OL0420,O0210,2026-08-30,C023,P012,L004,PM005,3,1000
OL0421,O0211,2026-08-24,C090,P023,L001,PM003,5,500
OL0422,O0211,2026-08-05,C073,P013,L008,PM005,3,0
OL0423,O0212,2026-08-16,C005,P006,L001,PM002,5,0
OL0424,O0212,2026-08-01,C068,P031,L001,PM003,5,0
OL0425,O0213,2026-08-26,C017,P022,L003,PM003,1,0
OL0426,O0213,2026-08-05,C076,P046,L003,PM001,5,1000
OL0427,O0214,2026-08-12,C010,P024,L007,PM005,1,0
OL0428,O0214,2026-08-10,C042,P009,L003,PM004,4,750
OL0429,O0215,2026-08-11,C023,P046,L006,PM002,5,1000
OL0430,O0215,2026-08-06,C049,P020,L005,PM002,2,750
OL0431,O0216,2026-08-01,C090,P037,L007,PM005,1,0
OL0432,O0216,2026-08-20,C041,P040,L004,PM005,1,250
OL0433,O0217,2026-08-05,C043,P048,L002,PM002,3,0
OL0434,O0217,2026-08-06,C082,P006,L006,PM004,1,0
OL0435,O0218,2026-08-07,C032,P045,L002,PM003,3,1000
OL0436,O0218,2026-08-04,C093,P001,L001,PM004,4,750
OL0437,O0219,2026-08-14,C022,P027,L008,PM004,3,500
OL0438,O0219,2026-08-13,C013,P031,L004,PM002,4,0
OL0439,O0220,2026-08-26,C005,P019,L001,PM003,3,0
OL0440,O0220,2026-08-03,C044,P011,L007,PM002,1,500
OL0441,O0221,2026-08-31,C012,P022,L008,PM001,4,750
OL0442,O0221,2026-08-06,C078,P028,L003,PM001,1,0
OL0443,O0222,2026-08-07,C025,P027,L005,PM003,3,0
OL0444,O0222,2026-08-04,C007,P026,L008,PM002,1,0
OL0445,O0223,2026-08-01,C055,P006,L005,PM005,4,0
OL0446,O0223,2026-08-04,C004,P014,L003,PM003,1,250
OL0447,O0224,2026-08-28,C015,P020,L007,PM004,4,750
OL0448,O0224,2026-08-09,C012,P042,L007,PM002,3,250
OL0449,O0225,2026-08-12,C024,P029,L001,PM003,4,250
OL0450,O0225,2026-08-09,C029,P018,L001,PM002,1,0
OL0451,O0226,2026-08-22,C045,P035,L007,PM005,2,500
OL0452,O0226,2026-08-02,C050,P034,L007,PM005,4,500
OL0453,O0227,2026-08-29,C031,P031,L005,PM001,4,1000
OL0454,O0227,2026-08-23,C005,P033,L003,PM001,4,0
OL0455,O0228,2026-08-31,C022,P014,L004,PM002,1,250
OL0456,O0228,2026-08-03,C088,P028,L004,PM002,5,0
OL0457,O0229,2026-08-11,C094,P005,L002,PM004,5,250
OL0458,O0229,2026-08-18,C042,P018,L008,PM001,5,500
OL0459,O0230,2026-08-17,C054,P008,L007,PM002,2,500
OL0460,O0230,2026-08-19,C075,P007,L002,PM005,1,1000
OL0461,O0231,2026-08-10,C069,P023,L007,PM003,4,750
OL0462,O0231,2026-08-16,C074,P039,L008,PM001,2,0
OL0463,O0232,2026-08-13,C019,P040,L007,PM001,4,0
OL0464,O0232,2026-08-23,C031,P004,L008,PM003,3,0
OL0465,O0233,2026-08-11,C039,P020,L005,PM004,1,1000
OL0466,O0233,2026-08-08,C018,P020,L008,PM003,3,750
OL0467,O0234,2026-08-14,C078,P042,L002,PM002,4,0
OL0468,O0234,2026-08-30,C053,P048,L008,PM005,3,1000
OL0469,O0235,2026-08-02,C066,P011,L002,PM003,5,250
OL0470,O0235,2026-08-05,C100,P034,L001,PM002,2,1000
OL0471,O0236,2026-08-07,C008,P016,L001,PM004,1,0
OL0472,O0236,2026-08-23,C026,P018,L006,PM004,5,250
OL0473,O0237,2026-08-21,C016,P044,L001,PM002,3,250
OL0474,O0237,2026-08-20,C058,P012,L008,PM005,5,0
OL0475,O0238,2026-08-12,C021,P017,L002,PM003,1,250
OL0476,O0238,2026-08-02,C021,P037,L004,PM002,2,750
OL0477,O0239,2026-08-07,C035,P042,L007,PM005,1,1000
OL0478,O0239,2026-08-25,C099,P044,L001,PM004,2,750
OL0479,O0240,2026-08-06,C077,P001,L004,PM003,5,1000
OL0480,O0240,2026-08-31,C040,P046,L005,PM004,4,1000
OL0481,O0241,2026-08-12,C059,P017,L004,PM004,3,750
OL0482,O0241,2026-08-17,C080,P026,L002,PM001,5,750
OL0483,O0242,2026-08-31,C048,P036,L005,PM003,1,250
OL0484,O0242,2026-08-03,C044,P018,L006,PM003,3,750
OL0485,O0243,2026-08-23,C084,P020,L004,PM002,5,1000
OL0486,O0243,2026-08-08,C008,P039,L007,PM003,2,750
OL0487,O0244,2026-08-01,C084,P032,L005,PM003,4,250
OL0488,O0244,2026-08-13,C095,P003,L004,PM003,2,750
OL0489,O0245,2026-08-18,C082,P031,L006,PM005,3,1000
OL0490,O0245,2026-08-06,C085,P036,L003,PM003,1,250
OL0491,O0246,2026-08-05,C095,P017,L003,PM003,1,0
OL0492,O0246,2026-08-12,C029,P048,L005,PM004,3,0
OL0493,O0247,2026-08-09,C075,P019,L008,PM001,4,0
OL0494,O0247,2026-08-28,C082,P038,L002,PM004,2,500
OL0495,O0248,2026-08-04,C088,P025,L005,PM004,1,1000
OL0496,O0248,2026-08-28,C020,P009,L004,PM003,4,500
OL0497,O0249,2026-08-29,C059,P010,L006,PM002,1,250
OL0498,O0249,2026-08-11,C081,P012,L006,PM001,1,250
OL0499,O0250,2026-08-09,C027,P011,L003,PM004,1,0
OL0500,O0250,2026-08-20,C056,P041,L007,PM004,4,250
OL0501,O0251,2026-08-13,C001,P003,L004,PM003,1,0
OL0502,O0251,2026-08-25,C068,P013,L001,PM001,2,0
OL0503,O0252,2026-08-23,C045,P020,L003,PM001,4,500
OL0504,O0252,2026-08-19,C040,P011,L002,PM001,3,0
OL0505,O0253,2026-08-15,C094,P034,L006,PM004,2,0
OL0506,O0253,2026-08-29,C063,P023,L004,PM002,4,0
OL0507,O0254,2026-08-08,C029,P047,L003,PM002,1,500
OL0508,O0254,2026-08-17,C022,P008,L006,PM001,4,750
OL0509,O0255,2026-08-09,C099,P035,L001,PM005,1,750
OL0510,O0255,2026-08-04,C084,P002,L001,PM001,4,250
OL0511,O0256,2026-08-13,C016,P036,L005,PM004,2,0
OL0512,O0256,2026-08-23,C088,P041,L001,PM003,4,750
OL0513,O0257,2026-08-04,C085,P034,L005,PM005,5,750
OL0514,O0257,2026-08-05,C054,P007,L002,PM003,1,1000
OL0515,O0258,2026-08-04,C064,P013,L004,PM003,5,0
OL0516,O0258,2026-08-12,C091,P027,L005,PM002,1,500
OL0517,O0259,2026-08-16,C027,P045,L008,PM003,2,0
OL0518,O0259,2026-08-01,C086,P006,L002,PM005,4,0
OL0519,O0260,2026-08-31,C012,P033,L002,PM001,3,750
OL0520,O0260,2026-08-08,C059,P019,L005,PM004,1,0
OL0521,O0261,2026-08-27,C023,P003,L005,PM003,3,250
OL0522,O0261,2026-08-24,C015,P007,L001,PM001,2,750
OL0523,O0262,2026-08-21,C022,P022,L006,PM004,5,0
OL0524,O0262,2026-08-29,C094,P006,L006,PM003,2,0
OL0525,O0263,2026-08-13,C052,P030,L005,PM004,4,1000
OL0526,O0263,2026-08-14,C084,P011,L002,PM002,1,1000
OL0527,O0264,2026-08-06,C014,P027,L008,PM005,4,0
OL0528,O0264,2026-08-20,C049,P023,L001,PM002,4,250
OL0529,O0265,2026-08-04,C053,P029,L001,PM001,3,750
OL0530,O0265,2026-08-11,C002,P046,L004,PM003,5,500
OL0531,O0266,2026-08-23,C090,P040,L002,PM004,2,250
OL0532,O0266,2026-08-12,C085,P044,L007,PM002,5,500
OL0533,O0267,2026-08-02,C002,P042,L003,PM005,4,1000
OL0534,O0267,2026-08-16,C022,P005,L008,PM003,2,0
OL0535,O0268,2026-08-09,C007,P033,L004,PM005,4,250
OL0536,O0268,2026-08-27,C031,P006,L008,PM004,5,250
OL0537,O0269,2026-08-03,C064,P029,L006,PM001,4,750
OL0538,O0269,2026-08-21,C003,P007,L007,PM004,1,500
OL0539,O0270,2026-08-18,C001,P006,L005,PM005,5,0
OL0540,O0270,2026-08-21,C086,P030,L006,PM003,1,1000
OL0541,O0271,2026-08-08,C059,P022,L008,PM003,4,0
OL0542,O0271,2026-08-04,C098,P043,L004,PM001,3,0
OL0543,O0272,2026-08-27,C082,P019,L006,PM001,1,0
OL0544,O0272,2026-08-16,C018,P046,L007,PM001,3,500
OL0545,O0273,2026-08-07,C025,P008,L007,PM002,4,1000
OL0546,O0273,2026-08-26,C025,P046,L006,PM001,4,0
OL0547,O0274,2026-08-30,C082,P044,L002,PM004,4,750
OL0548,O0274,2026-08-19,C065,P009,L008,PM001,5,750
OL0549,O0275,2026-08-02,C071,P028,L008,PM005,2,750
OL0550,O0275,2026-08-19,C023,P047,L003,PM001,4,750
OL0551,O0276,2026-08-20,C078,P021,L007,PM004,5,750
OL0552,O0276,2026-08-25,C032,P018,L007,PM003,3,250
OL0553,O0277,2026-08-26,C018,P009,L007,PM005,5,0
OL0554,O0277,2026-08-27,C090,P036,L006,PM005,2,0
OL0555,O0278,2026-08-07,C080,P046,L005,PM003,2,750
OL0556,O0278,2026-08-21,C023,P033,L006,PM001,3,500
OL0557,O0279,2026-08-16,C075,P037,L007,PM005,3,1000
OL0558,O0279,2026-08-14,C002,P034,L002,PM001,4,0
OL0559,O0280,2026-08-02,C086,P004,L004,PM003,2,0
OL0560,O0280,2026-08-22,C033,P010,L001,PM003,2,1000
OL0561,O0281,2026-08-18,C005,P023,L008,PM001,5,1000
OL0562,O0281,2026-08-22,C095,P036,L004,PM005,4,0
OL0563,O0282,2026-08-17,C090,P019,L001,PM004,4,250
OL0564,O0282,2026-08-31,C088,P021,L001,PM001,3,0
OL0565,O0283,2026-08-20,C100,P029,L004,PM003,5,500
OL0566,O0283,2026-08-24,C078,P013,L004,PM003,4,0
OL0567,O0284,2026-08-22,C010,P012,L003,PM005,1,250
OL0568,O0284,2026-08-02,C055,P018,L005,PM002,2,500
OL0569,O0285,2026-08-28,C033,P001,L006,PM004,2,0
OL0570,O0285,2026-08-05,C042,P039,L001,PM005,3,250
OL0571,O0286,2026-08-26,C074,P036,L006,PM001,3,500
OL0572,O0286,2026-08-08,C024,P034,L002,PM005,2,250
OL0573,O0287,2026-08-18,C069,P026,L002,PM003,2,0
OL0574,O0287,2026-08-22,C043,P022,L006,PM003,2,1000
OL0575,O0288,2026-08-20,C068,P031,L001,PM001,3,250
OL0576,O0288,2026-08-08,C083,P040,L004,PM001,3,250
OL0577,O0289,2026-08-30,C015,P025,L005,PM005,3,0
OL0578,O0289,2026-08-30,C067,P024,L008,PM004,1,0
OL0579,O0290,2026-08-29,C084,P013,L006,PM005,1,0
OL0580,O0290,2026-08-06,C099,P035,L001,PM001,2,750
OL0581,O0291,2026-08-21,C100,P014,L007,PM001,2,500
OL0582,O0291,2026-08-27,C090,P048,L007,PM001,2,0
OL0583,O0292,2026-08-15,C092,P022,L001,PM001,1,0
OL0584,O0292,2026-08-06,C033,P036,L002,PM005,2,0
OL0585,O0293,2026-08-14,C050,P029,L007,PM004,3,0
OL0586,O0293,2026-08-13,C087,P008,L001,PM005,1,1000
OL0587,O0294,2026-08-24,C075,P003,L002,PM003,5,0
OL0588,O0294,2026-08-10,C088,P020,L002,PM003,4,250
OL0589,O0295,2026-08-13,C085,P002,L008,PM002,5,0
OL0590,O0295,2026-08-05,C096,P026,L005,PM002,3,750
OL0591,O0296,2026-08-29,C094,P042,L006,PM001,5,1000
OL0592,O0296,2026-08-18,C019,P008,L001,PM001,5,500
OL0593,O0297,2026-08-13,C069,P036,L002,PM003,2,750
OL0594,O0297,2026-08-24,C093,P023,L004,PM004,5,0
OL0595,O0298,2026-08-06,C024,P015,L005,PM002,1,0
OL0596,O0298,2026-08-22,C073,P004,L008,PM005,1,0
OL0597,O0299,2026-08-22,C009,P017,L002,PM002,5,250
OL0598,O0299,2026-08-31,C043,P023,L003,PM002,1,0
OL0599,O0300,2026-08-20,C009,P013,L006,PM004,4,0
OL0600,O0300,2026-08-20,C085,P020,L003,PM005,5,0
OL0601,O0301,2026-08-26,C041,P028,L003,PM001,3,0
OL0602,O0301,2026-08-26,C029,P046,L007,PM003,3,0
OL0603,O0302,2026-08-22,C094,P022,L008,PM004,4,0
OL0604,O0302,2026-08-25,C040,P032,L002,PM002,5,0
OL0605,O0303,2026-08-27,C036,P009,L004,PM003,1,750
OL0606,O0303,2026-08-03,C003,P033,L001,PM005,5,250
OL0607,O0304,2026-08-25,C076,P014,L001,PM005,3,500
OL0608,O0304,2026-08-29,C070,P031,L003,PM003,4,0
OL0609,O0305,2026-08-29,C099,P038,L005,PM002,4,500
OL0610,O0305,2026-08-17,C012,P026,L006,PM005,1,750
OL0611,O0306,2026-08-08,C079,P044,L003,PM005,2,250
OL0612,O0306,2026-08-06,C023,P037,L003,PM004,3,0
OL0613,O0307,2026-08-08,C098,P032,L004,PM001,3,0
OL0614,O0307,2026-08-08,C006,P043,L004,PM005,3,250
OL0615,O0308,2026-08-16,C059,P003,L001,PM003,1,750
OL0616,O0308,2026-08-31,C067,P041,L005,PM003,5,500
OL0617,O0309,2026-08-19,C023,P025,L007,PM003,5,750
OL0618,O0309,2026-08-29,C010,P034,L005,PM004,2,500
OL0619,O0310,2026-08-13,C046,P023,L008,PM004,5,0
OL0620,O0310,2026-08-17,C018,P029,L003,PM002,1,500
OL0621,O0311,2026-08-21,C036,P014,L003,PM002,2,0
OL0622,O0311,2026-08-20,C092,P008,L004,PM004,3,750
OL0623,O0312,2026-08-04,C062,P044,L008,PM004,2,500
OL0624,O0312,2026-08-06,C083,P027,L001,PM002,1,0
OL0625,O0313,2026-08-19,C076,P011,L003,PM005,1,500
OL0626,O0313,2026-08-05,C008,P011,L005,PM002,5,250
OL0627,O0314,2026-08-20,C073,P041,L001,PM003,1,0
OL0628,O0314,2026-08-15,C078,P031,L008,PM002,2,1000
OL0629,O0315,2026-08-14,C077,P010,L003,PM005,5,0
OL0630,O0315,2026-08-06,C093,P044,L006,PM004,5,500
OL0631,O0316,2026-08-03,C030,P025,L007,PM002,1,0
OL0632,O0316,2026-08-07,C067,P033,L007,PM002,5,0
OL0633,O0317,2026-08-06,C061,P040,L001,PM005,5,1000
OL0634,O0317,2026-08-04,C012,P031,L003,PM005,5,1000
OL0635,O0318,2026-08-01,C100,P044,L007,PM005,4,0
OL0636,O0318,2026-08-28,C006,P045,L007,PM002,4,1000
OL0637,O0319,2026-08-25,C049,P023,L002,PM004,2,0
OL0638,O0319,2026-08-16,C099,P015,L002,PM003,5,500
OL0639,O0320,2026-08-14,C033,P013,L001,PM001,5,500
OL0640,O0320,2026-08-04,C067,P001,L007,PM002,3,250
OL0641,O0321,2026-08-12,C014,P010,L007,PM005,3,0
OL0642,O0321,2026-08-28,C069,P028,L006,PM005,3,750
OL0643,O0322,2026-08-13,C097,P014,L007,PM005,5,250
OL0644,O0322,2026-08-06,C048,P036,L008,PM003,3,500
OL0645,O0323,2026-08-12,C100,P046,L007,PM002,1,750
OL0646,O0323,2026-08-08,C058,P045,L003,PM001,2,500
OL0647,O0324,2026-08-13,C044,P036,L001,PM002,4,750
OL0648,O0324,2026-08-01,C012,P010,L008,PM005,4,0
OL0649,O0325,2026-08-03,C034,P015,L006,PM001,5,0
OL0650,O0325,2026-08-24,C050,P026,L005,PM005,1,1000
OL0651,O0326,2026-08-27,C023,P041,L008,PM004,1,0
OL0652,O0326,2026-08-28,C085,P034,L005,PM002,1,1000
OL0653,O0327,2026-08-20,C066,P034,L004,PM005,2,750
OL0654,O0327,2026-08-02,C047,P016,L001,PM002,1,0
OL0655,O0328,2026-08-25,C052,P023,L007,PM004,5,0
OL0656,O0328,2026-08-17,C002,P048,L002,PM001,5,0
OL0657,O0329,2026-08-24,C072,P038,L006,PM003,3,0
OL0658,O0329,2026-08-20,C025,P030,L007,PM005,1,0
OL0659,O0330,2026-08-06,C053,P033,L002,PM005,1,500
OL0660,O0330,2026-08-10,C044,P008,L005,PM005,5,0
OL0661,O0331,2026-08-23,C057,P025,L008,PM002,3,1000
OL0662,O0331,2026-08-15,C088,P030,L001,PM004,1,0
OL0663,O0332,2026-08-03,C049,P041,L004,PM002,3,250
OL0664,O0332,2026-08-31,C046,P034,L001,PM003,2,0
OL0665,O0333,2026-08-03,C052,P044,L006,PM001,5,0
OL0666,O0333,2026-08-16,C041,P023,L004,PM005,3,0
OL0667,O0334,2026-08-31,C096,P044,L004,PM004,2,0
OL0668,O0334,2026-08-24,C031,P017,L004,PM002,2,1000
OL0669,O0335,2026-08-08,C080,P023,L003,PM001,1,0
OL0670,O0335,2026-08-22,C085,P032,L001,PM005,1,1000
OL0671,O0336,2026-08-16,C048,P040,L006,PM004,5,1000
OL0672,O0336,2026-08-09,C063,P012,L005,PM004,2,1000
OL0673,O0337,2026-08-19,C017,P004,L007,PM004,5,0
OL0674,O0337,2026-08-17,C045,P026,L003,PM004,1,750
OL0675,O0338,2026-08-17,C059,P021,L001,PM001,2,250
OL0676,O0338,2026-08-19,C013,P021,L006,PM005,3,0
OL0677,O0339,2026-08-18,C034,P016,L005,PM004,5,0
OL0678,O0339,2026-08-12,C024,P032,L007,PM002,4,750
OL0679,O0340,2026-08-25,C048,P024,L007,PM003,4,0
OL0680,O0340,2026-08-19,C017,P037,L004,PM001,3,1000
OL0681,O0341,2026-08-08,C072,P028,L007,PM002,2,1000
OL0682,O0341,2026-08-31,C095,P010,L008,PM001,2,250
OL0683,O0342,2026-08-16,C018,P041,L006,PM004,3,0
OL0684,O0342,2026-08-18,C073,P004,L007,PM001,2,0
OL0685,O0343,2026-08-07,C033,P031,L002,PM004,3,0
OL0686,O0343,2026-08-12,C047,P036,L005,PM003,1,250
OL0687,O0344,2026-08-04,C045,P044,L004,PM005,5,750
OL0688,O0344,2026-08-21,C069,P012,L005,PM003,3,750
OL0689,O0345,2026-08-17,C063,P048,L008,PM001,4,500
OL0690,O0345,2026-08-10,C060,P041,L003,PM002,3,250
OL0691,O0346,2026-08-21,C079,P037,L007,PM001,1,0
OL0692,O0346,2026-08-11,C030,P021,L006,PM003,3,500
OL0693,O0347,2026-08-21,C051,P018,L008,PM003,5,500
OL0694,O0347,2026-08-31,C058,P027,L003,PM002,1,0
OL0695,O0348,2026-08-24,C031,P043,L005,PM001,2,0
OL0696,O0348,2026-08-13,C014,P007,L002,PM004,5,0
OL0697,O0349,2026-08-01,C099,P026,L002,PM001,3,500
OL0698,O0349,2026-08-05,C011,P042,L007,PM003,2,0
OL0699,O0350,2026-08-24,C037,P029,L003,PM002,5,1000
OL0700,O0350,2026-08-06,C004,P003,L006,PM003,4,250
